"James","Butt","Benton, John B Jr","6649 N Blue Gum St","New Orleans","Orleans","LA",70116,"504-621-8927","504-845-1427","jbutt@gmail.com","http://www.bentonjohnbjr.com"
"Art","Venere","Chemel, James L Cpa","8 W Cerritos Ave #54","Bridgeport","Gloucester","NJ","08014","856-636-8749","856-264-4130","art@venere.org","http://www.chemeljameslcpa.com"
"Donette","Foller","Printing Dimensions","34 Center St","Hamilton","Butler","OH",45011,"513-570-1893","513-549-4561","donette.foller@cox.net","http://www.printingdimensions.com"
"Mitsue","Tollner","Morlong Associates","7 Eads St","Chicago","Cook","IL",60632,"773-573-6914","773-924-8565","mitsue_tollner@yahoo.com","http://www.morlongassociates.com"
"Sage","Wieser","Truhlar And Truhlar Attys","5 Boston Ave #88","Sioux Falls","Minnehaha","SD",57105,"605-414-2147","605-794-4895","sage_wieser@cox.net","http://www.truhlarandtruhlarattys.com"
"Minna","Amigon","Dorl, James J Esq","2371 Jerrold Ave","Kulpsville","Montgomery","PA",19443,"215-874-1229","215-422-8694","minna_amigon@yahoo.com","http://www.dorljamesjesq.com"
"Kiley","Caldarera","Feiner Bros","25 E 75th St #69","Los Angeles","Los Angeles","CA",90034,"310-498-5651","310-254-3084","kiley.caldarera@aol.com","http://www.feinerbros.com"
"Cammy","Albares","Rousseaux, Michael Esq","56 E Morehead St","Laredo","Webb","TX",78045,"956-537-6195","956-841-7216","calbares@gmail.com","http://www.rousseauxmichaelesq.com"
"Meaghan","Garufi","Bolton, Wilbur Esq","69734 E Carrillo St","Mc Minnville","Warren","TN",37110,"931-313-9635","931-235-7959","meaghan@hotmail.com","http://www.boltonwilburesq.com"
"Yuki","Whobrey","Farmers Insurance Group","1 State Route 27","Taylor","Wayne","MI",48180,"313-288-7937","313-341-4470","yuki_whobrey@aol.com","http://www.farmersinsurancegroup.com"
"Bette","Nicka","Sport En Art","6 S 33rd St","Aston","Delaware","PA",19014,"610-545-3615","610-492-4643","bette_nicka@cox.net","http://www.sportenart.com"
"Willard","Kolmetz","Ingalls, Donald R Esq","618 W Yakima Ave","Irving","Dallas","TX",75062,"972-303-9197","972-896-4882","willard@hotmail.com","http://www.ingallsdonaldresq.com"
"Alisha","Slusarski","Wtlz Power 107 Fm","3273 State St","Middlesex","Middlesex","NJ","08846","732-658-3154","732-635-3453","alisha@slusarski.com","http://www.wtlzpowerfm.com"
"Chanel","Caudy","Professional Image Inc","86 Nw 66th St #8673","Shawnee","Johnson","KS",66218,"913-388-2079","913-899-1103","chanel.caudy@caudy.org","http://www.professionalimageinc.com"
"Willow","Kusko","U Pull It","90991 Thorburn Ave","New York","New York","NY",10011,"212-582-4976","212-934-5167","wkusko@yahoo.com","http://www.upullit.com"
"Ammie","Corrio","Moskowitz, Barry S","74874 Atlantic Ave","Columbus","Franklin","OH",43215,"614-801-9788","614-648-3265","ammie@corrio.com","http://www.moskowitzbarrys.com"
"Ernie","Stenseth","Knwz Newsradio","45 E Liberty St","Ridgefield Park","Bergen","NJ","07660","201-709-6245","201-387-9093","ernie_stenseth@aol.com","http://www.knwznewsradio.com"
"Alishia","Sergi","Milford Enterprises Inc","2742 Distribution Way","New York","New York","NY",10025,"212-860-1579","212-753-2740","asergi@gmail.com","http://www.milfordenterprisesinc.com"
"Jose","Stockham","Tri State Refueler Co","128 Bransten Rd","New York","New York","NY",10011,"212-675-8570","212-569-4233","jose@yahoo.com","http://www.tristaterefuelerco.com"
"Valentine","Gillian","Fbs Business Finance","775 W 17th St","San Antonio","Bexar","TX",78204,"210-812-9597","210-300-6244","valentine_gillian@gmail.com","http://www.fbsbusinessfinance.com"
"Youlanda","Schemmer","Tri M Tool Inc","2881 Lewis Rd","Prineville","Crook","OR",97754,"541-548-8197","541-993-2611","youlanda@aol.com","http://www.trimtoolinc.com"
"Roxane","Campain","Rapid Trading Intl","1048 Main St","Fairbanks","Fairbanks North Star","AK",99708,"907-231-4722","907-335-6568","roxane@hotmail.com","http://www.rapidtradingintl.com"
"Erick","Ferencz","Cindy Turner Associates","20 S Babcock St","Fairbanks","Fairbanks North Star","AK",99712,"907-741-1044","907-227-6777","erick.ferencz@aol.com","http://www.cindyturnerassociates.com"
"Jina","Briddick","Grace Pastries Inc","38938 Park Blvd","Boston","Suffolk","MA","02128","617-399-5124","617-997-5771","jina_briddick@briddick.com","http://www.gracepastriesinc.com"
"Emerson","Bowley","Knights Inn","762 S Main St","Madison","Dane","WI",53711,"608-336-7444","608-658-7940","emerson.bowley@bowley.org","http://www.knightsinn.com"
"Brock","Bolognia","Orinda News","4486 W O St #1","New York","New York","NY",10003,"212-402-9216","212-617-5063","bbolognia@yahoo.com","http://www.orindanews.com"
"Sabra","Uyetake","Lowy Limousine Service","98839 Hawthorne Blvd #6101","Columbia","Richland","SC",29201,"803-925-5213","803-681-3678","sabra@uyetake.org","http://www.lowylimousineservice.com"
"Karl","Klonowski","Rossi, Michael M","76 Brooks St #9","Flemington","Hunterdon","NJ","08822","908-877-6135","908-470-4661","karl_klonowski@yahoo.com","http://www.rossimichaelm.com"
"Amber","Monarrez","Branford Wire & Mfg Co","14288 Foster Ave #4121","Jenkintown","Montgomery","PA",19046,"215-934-8655","215-329-6386","amber_monarrez@monarrez.org","http://www.branfordwiremfgco.com"
"Delmy","Ahle","Wye Technologies Inc","65895 S 16th St","Providence","Providence","RI","02909","401-458-2547","401-559-8961","delmy.ahle@hotmail.com","http://www.wyetechnologiesinc.com"
"Blondell","Pugh","Alpenlite Inc","201 Hawk Ct","Providence","Providence","RI","02904","401-960-8259","401-300-8122","bpugh@aol.com","http://www.alpenliteinc.com"
"Cecily","Hollack","Arthur A Oliver & Son Inc","59 N Groesbeck Hwy","Austin","Travis","TX",78731,"512-486-3817","512-861-3814","cecily@hollack.org","http://www.arthuraoliversoninc.com"
"Maurine","Yglesias","Schultz, Thomas C Md","59 Shady Ln #53","Milwaukee","Milwaukee","WI",53214,"414-748-1374","414-573-7719","maurine_yglesias@yglesias.com","http://www.schultzthomascmd.com"
"Penney","Weight","Hawaiian King Hotel","18 Fountain St","Anchorage","Anchorage","AK",99515,"907-797-9628","907-873-2882","penney_weight@aol.com","http://www.hawaiiankinghotel.com"
"Ilene","Eroman","Robinson, William J Esq","2853 S Central Expy","Glen Burnie","Anne Arundel","MD",21061,"410-914-9018","410-937-4543","ilene.eroman@hotmail.com","http://www.robinsonwilliamjesq.com"
"Kallie","Blackwood","Rowley Schlimgen Inc","701 S Harrison Rd","San Francisco","San Francisco","CA",94104,"415-315-2761","415-604-7609","kallie.blackwood@gmail.com","http://www.rowleyschlimgeninc.com"
"Bobbye","Rhym","Smits, Patricia Garity","30 W 80th St #1995","San Carlos","San Mateo","CA",94070,"650-528-5783","650-811-9032","brhym@rhym.com","http://www.smitspatriciagarity.com"
"Tamar","Hoogland","A K Construction Co","2737 Pistorio Rd #9230","London","Madison","OH",43140,"740-343-8575","740-526-5410","tamar@hotmail.com","http://www.akconstructionco.com"
"Laurel","Reitler","Q A Service","6 Kains Ave","Baltimore","Baltimore City","MD",21215,"410-520-4832","410-957-6903","laurel_reitler@reitler.com","http://www.qaservice.com"
"Viva","Toelkes","Mark Iv Press Ltd","4284 Dorigo Ln","Chicago","Cook","IL",60647,"773-446-5569","773-352-3437","viva.toelkes@gmail.com","http://www.markivpressltd.com"
"Devorah","Chickering","Garrison Ind","31 Douglas Blvd #950","Clovis","Curry","NM",88101,"505-975-8559","505-950-1763","devorah@hotmail.com","http://www.garrisonind.com"
"Arlette","Honeywell","Smc Inc","11279 Loytan St","Jacksonville","Duval","FL",32254,"904-775-4480","904-514-9918","ahoneywell@honeywell.com","http://www.smcinc.com"
"Lettie","Isenhower","Conte, Christopher A Esq","70 W Main St","Beachwood","Cuyahoga","OH",44122,"216-657-7668","216-733-8494","lettie_isenhower@yahoo.com","http://www.contechristopheraesq.com"
"Stephaine","Barfield","Beutelschies & Company","47154 Whipple Ave Nw","Gardena","Los Angeles","CA",90247,"310-774-7643","310-968-1219","stephaine@barfield.com","http://www.beutelschiescompany.com"
"Stephen","Emigh","Sharp, J Daniel Esq","3777 E Richmond St #900","Akron","Summit","OH",44302,"330-537-5358","330-700-2312","stephen_emigh@hotmail.com","http://www.sharpjdanielesq.com"
"Tammara","Wardrip","Jewel My Shop Inc","4800 Black Horse Pike","Burlingame","San Mateo","CA",94010,"650-803-1936","650-216-5075","twardrip@cox.net","http://www.jewelmyshopinc.com"
"Danica","Bruschke","Stevens, Charles T","840 15th Ave","Waco","McLennan","TX",76708,"254-782-8569","254-205-1422","danica_bruschke@gmail.com","http://www.stevenscharlest.com"
"Elvera","Benimadho","Tree Musketeers","99385 Charity St #840","San Jose","Santa Clara","CA",95110,"408-703-8505","408-440-8447","elvera.benimadho@cox.net","http://www.treemusketeers.com"
"Malinda","Hochard","Logan Memorial Hospital","55 Riverside Ave","Indianapolis","Marion","IN",46202,"317-722-5066","317-472-2412","malinda.hochard@yahoo.com","http://www.loganmemorialhospital.com"
"Lisha","Centini","Industrial Paper Shredders Inc","64 5th Ave #1153","Mc Lean","Fairfax","VA",22102,"703-235-3937","703-475-7568","lisha@centini.org","http://www.industrialpapershreddersinc.com"
"Alease","Buemi","Porto Cayo At Hawks Cay","4 Webbs Chapel Rd","Boulder","Boulder","CO",80303,"303-301-4946","303-521-9860","alease@buemi.com","http://www.portocayoathawkscay.com"
"Angella","Cetta","Bender & Hatley Pc","185 Blackstone Bldge","Honolulu","Honolulu","HI",96817,"808-892-7943","808-475-2310","angella.cetta@hotmail.com","http://www.benderhatleypc.com"
"Rosio","Cork","Green Goddess","4 10th St W","High Point","Guilford","NC",27263,"336-243-5659","336-497-4407","rosio.cork@gmail.com","http://www.greengoddess.com"
"Twana","Felger","Opryland Hotel","1 Commerce Way","Portland","Washington","OR",97224,"503-939-3153","503-909-7167","twana.felger@felger.org","http://www.oprylandhotel.com"
"Donte","Kines","W Tc Industries Inc","3 Aspen St","Worcester","Worcester","MA","01602","508-429-8576","508-843-1426","dkines@hotmail.com","http://www.wtcindustriesinc.com"
"Edna","Miceli","Sampler","555 Main St","Erie","Erie","PA",16502,"814-460-2655","814-299-2877","emiceli@miceli.org","http://www.sampler.com"
"Jesusa","Shin","Carroccio, A Thomas Esq","2239 Shawnee Mission Pky","Tullahoma","Coffee","TN",37388,"931-273-8709","931-739-1551","jshin@shin.com","http://www.carroccioathomasesq.com"
"Pamella","Schmierer","K Cs Cstm Mouldings Windows","5161 Dorsett Rd","Homestead","Miami-Dade","FL",33030,"305-420-8970","305-575-8481","pamella.schmierer@schmierer.org","http://www.kcscstmmouldingswindows.com"
"Shawna","Palaspas","Windsor, James L Esq","5 N Cleveland Massillon Rd","Thousand Oaks","Ventura","CA",91362,"805-275-3566","805-638-6617","shawna_palaspas@palaspas.org","http://www.windsorjameslesq.com"
"Scarlet","Cartan","Box, J Calvin Esq","9390 S Howell Ave","Albany","Dougherty","GA",31701,"229-735-3378","229-365-9658","scarlet.cartan@yahoo.com","http://www.boxjcalvinesq.com"
"Ty","Smith","Bresler Eitel Framg Gllry Ltd","4646 Kaahumanu St","Hackensack","Bergen","NJ","07601","201-672-1553","201-995-3149","tsmith@aol.com","http://www.breslereitelframggllryltd.com"
"Lindsey","Dilello","Biltmore Investors Bank","52777 Leaders Heights Rd","Ontario","San Bernardino","CA",91761,"909-639-9887","909-589-1693","lindsey.dilello@hotmail.com","http://www.biltmoreinvestorsbank.com"
"Herman","Demesa","Merlin Electric Co","9 Norristown Rd","Troy","Rensselaer","NY",12180,"518-497-2940","518-931-7852","hdemesa@cox.net","http://www.merlinelectricco.com"
"Talia","Riopelle","Ford Brothers Wholesale Inc","1 N Harlem Ave #9","Orange","Essex","NJ","07050","973-245-2133","973-818-9788","talia_riopelle@aol.com","http://www.fordbrotherswholesaleinc.com"
"Lucina","Lary","Matricciani, Albert J Jr","8597 W National Ave","Cocoa","Brevard","FL",32922,"321-749-4981","321-632-4668","lucina_lary@cox.net","http://www.matriccianialbertjjr.com"
"Rolande","Spickerman","Neland Travel Agency","65 W Maple Ave","Pearl City","Honolulu","HI",96782,"808-315-3077","808-526-5863","rolande.spickerman@spickerman.com","http://www.nelandtravelagency.com"
"Kimbery","Madarang","Silberman, Arthur L Esq","798 Lund Farm Way","Rockaway","Morris","NJ","07866","973-310-1634","973-225-6259","kimbery_madarang@cox.net","http://www.silbermanarthurlesq.com"
"Becky","Mirafuentes","Wells Kravitz Schnitzer","30553 Washington Rd","Plainfield","Union","NJ","07062","908-877-8409","908-426-8272","becky.mirafuentes@mirafuentes.com","http://www.wellskravitzschnitzer.com"
"Marti","Maybury","Eldridge, Kristin K Esq","4 Warehouse Point Rd #7","Chicago","Cook","IL",60638,"773-775-4522","773-539-1058","marti.maybury@yahoo.com","http://www.eldridgekristinkesq.com"
"Leatha","Hagele","Ninas Indian Grs & Videos","627 Walford Ave","Dallas","Dallas","TX",75227,"214-339-1809","214-225-5850","lhagele@cox.net","http://www.ninasindiangrsvideos.com"
"Melissa","Wiklund","Moapa Valley Federal Credit Un","61 13 Stoneridge #835","Findlay","Hancock","OH",45840,"419-939-3613","419-254-4591","melissa@cox.net","http://www.moapavalleyfederalcreditun.com"
"Bulah","Padilla","Admiral Party Rentals & Sales","8927 Vandever Ave","Waco","McLennan","TX",76707,"254-463-4368","254-816-8417","bulah_padilla@hotmail.com","http://www.admiralpartyrentalssales.com"
"Daren","Weirather","Panasystems","9 N College Ave #3","Milwaukee","Milwaukee","WI",53216,"414-959-2540","414-838-3151","dweirather@aol.com","http://www.panasystems.com"
"Gearldine","Gellinger","Megibow & Edwards","4 Bloomfield Ave","Irving","Dallas","TX",75061,"972-934-6914","972-821-7118","gearldine_gellinger@gellinger.com","http://www.megibowedwards.com"
"Theola","Frey","Woodbridge Free Public Library","54169 N Main St","Massapequa","Nassau","NY",11758,"516-948-5768","516-357-3362","theola_frey@frey.com","http://www.woodbridgefreepubliclibrary.com"
"Laticia","Merced","Alinabal Inc","72 Mannix Dr","Cincinnati","Hamilton","OH",45203,"513-508-7371","513-418-1566","lmerced@gmail.com","http://www.alinabalinc.com"
"Lezlie","Craghead","Chang, Carolyn Esq","749 W 18th St #45","Smithfield","Johnston","NC",27577,"919-533-3762","919-885-2453","lezlie.craghead@craghead.org","http://www.changcarolynesq.com"
"Arminda","Parvis","Newtec Inc","1 Huntwood Ave","Phoenix","Maricopa","AZ",85017,"602-906-9419","602-277-3025","arminda@parvis.com","http://www.newtecinc.com"
"Yolando","Luczki","Dal Tile Corporation","422 E 21st St","Syracuse","Onondaga","NY",13214,"315-304-4759","315-640-6357","yolando@cox.net","http://www.daltilecorporation.com"
"Gregoria","Pawlowicz","Oh My Goodknits Inc","455 N Main Ave","Garden City","Nassau","NY",11530,"516-212-1915","516-376-4230","gpawlowicz@yahoo.com","http://www.ohmygoodknitsinc.com"
"Chantell","Maynerich","Desert Sands Motel","2023 Greg St","Saint Paul","Ramsey","MN",55101,"651-591-2583","651-776-9688","chantell@yahoo.com","http://www.desertsandsmotel.com"
"Larae","Gudroe","Lehigh Furn Divsn Lehigh","6651 Municipal Rd","Houma","Terrebonne","LA",70360,"985-890-7262","985-261-5783","larae_gudroe@gmail.com","http://www.lehighfurndivsnlehigh.com"
"Kerry","Theodorov","Capitol Reporters","6916 W Main St","Sacramento","Sacramento","CA",95827,"916-591-3277","916-770-7448","kerry.theodorov@gmail.com","http://www.capitolreporters.com"
"Fannie","Lungren","Centro Inc","17 Us Highway 111","Round Rock","Williamson","TX",78664,"512-587-5746","512-528-9933","fannie.lungren@yahoo.com","http://www.centroinc.com"
"Novella","Degroot","Evans, C Kelly Esq","303 N Radcliffe St","Hilo","Hawaii","HI",96720,"808-477-4775","808-746-1865","novella_degroot@degroot.org","http://www.evansckellyesq.com"
"Jennifer","Fallick","Nagle, Daniel J Esq","44 58th St","Wheeling","Cook","IL",60090,"847-979-9545","847-800-3054","jfallick@yahoo.com","http://www.nagledanieljesq.com"
"Eun","Coody","Ray Carolyne Realty","84 Bloomfield Ave","Spartanburg","Spartanburg","SC",29301,"864-256-3620","864-594-4578","eun@yahoo.com","http://www.raycarolynerealty.com"
"Nana","Wrinkles","Ray, Milbern D","6 Van Buren St","Mount Vernon","Westchester","NY",10553,"914-855-2115","914-796-3775","nana@aol.com","http://www.raymilbernd.com"
"Joesph","Degonia","A R Packaging","2887 Knowlton St #5435","Berkeley","Alameda","CA",94710,"510-677-9785","510-942-5916","joesph_degonia@degonia.org","http://www.arpackaging.com"
"Stephaine","Vinning","Birite Foodservice Distr","3717 Hamann Industrial Pky","San Francisco","San Francisco","CA",94104,"415-767-6596","415-712-9530","stephaine@cox.net","http://www.biritefoodservicedistr.com"
"Marguerita","Hiatt","Haber, George D Md","82 N Highway 67","Oakley","Contra Costa","CA",94561,"925-634-7158","925-541-8521","marguerita.hiatt@gmail.com","http://www.habergeorgedmd.com"
"Junita","Brideau","Leonards Antiques Inc","6 S Broadway St","Cedar Grove","Essex","NJ","07009","973-943-3423","973-582-5469","jbrideau@aol.com","http://www.leonardsantiquesinc.com"
"Benton","Skursky","Nercon Engineering & Mfg Inc","47939 Porter Ave","Gardena","Los Angeles","CA",90248,"310-579-2907","310-694-8466","benton.skursky@aol.com","http://www.nerconengineeringmfginc.com"
"Merilyn","Bayless","20 20 Printing Inc","195 13n N","Santa Clara","Santa Clara","CA",95054,"408-758-5015","408-346-2180","merilyn_bayless@cox.net","http://www.printinginc.com"
"Merlyn","Lawler","Nischwitz, Jeffrey L Esq","4671 Alemany Blvd","Jersey City","Hudson","NJ","07304","201-588-7810","201-858-9960","merlyn_lawler@hotmail.com","http://www.nischwitzjeffreylesq.com"
"Jettie","Mconnell","Coldwell Bnkr Wright Real Est","50 E Wacker Dr","Bridgewater","Somerset","NJ","08807","908-802-3564","908-602-5258","jmconnell@hotmail.com","http://www.coldwellbnkrwrightrealest.com"
"Melodie","Knipp","Fleetwood Building Block Inc","326 E Main St #6496","Thousand Oaks","Ventura","CA",91362,"805-690-1682","805-810-8964","mknipp@gmail.com","http://www.fleetwoodbuildingblockinc.com"
"Karan","Karpin","New England Taxidermy","3 Elmwood Dr","Beaverton","Washington","OR",97005,"503-940-8327","503-707-5812","karan_karpin@gmail.com","http://www.newenglandtaxidermy.com"
"Felicidad","Poullion","Mccorkle, Tom S Esq","9939 N 14th St","Riverton","Burlington","NJ","08077","856-305-9731","856-828-6021","fpoullion@poullion.com","http://www.mccorkletomsesq.com"
"Gracia","Melnyk","Juvenile & Adult Super","97 Airport Loop Dr","Jacksonville","Duval","FL",32216,"904-235-3633","904-627-4341","gracia@melnyk.com","http://www.juvenileadultsuper.com"
"Barrett","Toyama","Case Foundation Co","4252 N Washington Ave #9","Kennedale","Tarrant","TX",76060,"817-765-5781","817-577-6151","barrett.toyama@toyama.org","http://www.casefoundationco.com"
"Ashlyn","Pinilla","Art Crafters","703 Beville Rd","Opa Locka","Miami-Dade","FL",33054,"305-670-9628","305-857-5489","apinilla@cox.net","http://www.artcrafters.com"
"Ronny","Caiafa","Remaco Inc","73 Southern Blvd","Philadelphia","Philadelphia","PA",19103,"215-605-7570","215-511-3531","ronny.caiafa@caiafa.org","http://www.remacoinc.com"
"Norah","Waymire","Carmichael, Jeffery L Esq","6 Middlegate Rd #106","San Francisco","San Francisco","CA",94107,"415-306-7897","415-874-2984","norah.waymire@gmail.com","http://www.carmichaeljefferylesq.com"
"Mozell","Pelkowski","Winship & Byrne","577 Parade St","South San Francisco","San Mateo","CA",94080,"650-947-1215","650-960-1069","mpelkowski@pelkowski.org","http://www.winshipbyrne.com"
"Franklyn","Emard","Olympic Graphic Arts","4379 Highway 116","Philadelphia","Philadelphia","PA",19103,"215-558-8189","215-483-3003","femard@emard.com","http://www.olympicgraphicarts.com"
"Beckie","Silvestrini","A All American Travel Inc","7116 Western Ave","Dearborn","Wayne","MI",48126,"313-533-4884","313-390-7855","beckie.silvestrini@silvestrini.com","http://www.aallamericantravelinc.com"
"Frederica","Blunk","Jets Cybernetics","99586 Main St","Dallas","Dallas","TX",75207,"214-428-2285","214-529-1949","frederica_blunk@gmail.com","http://www.jetscybernetics.com"
"Freeman","Gochal","Kellermann, William T Esq","383 Gunderman Rd #197","Coatesville","Chester","PA",19320,"610-476-3501","610-752-2683","freeman_gochal@aol.com","http://www.kellermannwilliamtesq.com"
"Rima","Bevelacqua","Mcauley Mfg Co","2972 Lafayette Ave","Gardena","Los Angeles","CA",90248,"310-858-5079","310-499-4200","rima@cox.net","http://www.mcauleymfgco.com"
"Avery","Steier","Dill Dill Carr & Stonbraker Pc","93 Redmond Rd #492","Orlando","Orange","FL",32803,"407-808-9439","407-945-8566","avery@cox.net","http://www.dilldillcarrstonbrakerpc.com"
"Nicolette","Brossart","Goulds Pumps Inc Slurry Pump","1 Midway Rd","Westborough","Worcester","MA","01581","508-837-9230","508-504-6388","nicolette_brossart@brossart.com","http://www.gouldspumpsincslurrypump.com"
"Virgina","Tegarden","Berhanu International Foods","755 Harbor Way","Milwaukee","Milwaukee","WI",53226,"414-214-8697","414-411-5744","virgina_tegarden@tegarden.com","http://www.berhanuinternationalfoods.com"
"Alaine","Bergesen","Hispanic Magazine","7667 S Hulen St #42","Yonkers","Westchester","NY",10701,"914-300-9193","914-654-1426","alaine_bergesen@cox.net","http://www.hispanicmagazine.com"
"Leonida","Gobern","Holmes, Armstead J Esq","5 Elmwood Park Blvd","Biloxi","Harrison","MS",39530,"228-235-5615","228-432-4635","leonida@gobern.org","http://www.holmesarmsteadjesq.com"
"Justine","Mugnolo","Evans Rule Company","38062 E Main St","New York","New York","NY",10048,"212-304-9225","212-311-6377","jmugnolo@yahoo.com","http://www.evansrulecompany.com"
"Chaya","Malvin","Dunnells & Duvall","560 Civic Center Dr","Ann Arbor","Washtenaw","MI",48103,"734-928-5182","734-408-8174","chaya@malvin.com","http://www.dunnellsduvall.com"
"Salena","Karpel","Hammill Mfg Co","1 Garfield Ave #7","Canton","Stark","OH",44707,"330-791-8557","330-618-2579","skarpel@cox.net","http://www.hammillmfgco.com"
"Taryn","Moyd","Siskin, Mark J Esq","48 Lenox St","Fairfax","Fairfax City","VA",22030,"703-322-4041","703-938-7939","taryn.moyd@hotmail.com","http://www.siskinmarkjesq.com"
"Rickie","Plumer","Merrill Lynch","3 N Groesbeck Hwy","Toledo","Lucas","OH",43613,"419-693-1334","419-313-5571","rickie.plumer@aol.com","http://www.merrilllynch.com"
"Lashon","Vizarro","Sentry Signs","433 Westminster Blvd #590","Roseville","Placer","CA",95661,"916-741-7884","916-289-4526","lashon@aol.com","http://www.sentrysigns.com"
"Ceola","Setter","Southern Steel Shelving Co","96263 Greenwood Pl","Warren","Knox","ME","04864","207-627-7565","207-297-5029","ceola.setter@setter.org","http://www.southernsteelshelvingco.com"
"Lorrine","Worlds","Longo, Nicholas J Esq","8 Fair Lawn Ave","Tampa","Hillsborough","FL",33614,"813-769-2939","813-863-6467","lorrine.worlds@worlds.com","http://www.longonicholasjesq.com"
"Marvel","Raymo","Edison Supply & Equipment Co","9 Vanowen St","College Station","Brazos","TX",77840,"979-718-8968","979-809-5770","mraymo@yahoo.com","http://www.edisonsupplyequipmentco.com"
"An","Fritz","Linguistic Systems Inc","506 S Hacienda Dr","Atlantic City","Atlantic","NJ","08401","609-228-5265","609-854-7156","an_fritz@hotmail.com","http://www.linguisticsystemsinc.com"
"Rhea","Aredondo","Double B Foods Inc","25657 Live Oak St","Brooklyn","Kings","NY",11226,"718-560-9537","718-280-4183","rhea_aredondo@cox.net","http://www.doublebfoodsinc.com"
"Alyce","Arias","Fairbanks Scales","3196 S Rider Trl","Stockton","San Joaquin","CA",95207,"209-317-1801","209-242-7022","alyce@arias.org","http://www.fairbanksscales.com"
"Carey","Dopico","Garofani, John Esq","87393 E Highland Rd","Indianapolis","Marion","IN",46220,"317-578-2453","317-441-5848","carey_dopico@dopico.org","http://www.garofanijohnesq.com"
"Deandrea","Hughey","Century 21 Krall Real Estate","33 Lewis Rd #46","Burlington","Alamance","NC",27215,"336-822-7652","336-467-3095","deandrea@yahoo.com","http://www.centurykrallrealestate.com"
"Martina","Staback","Ace Signs Inc","7 W Wabansia Ave #227","Orlando","Orange","FL",32822,"407-471-6908","407-429-2145","martina_staback@staback.com","http://www.acesignsinc.com"
"Jade","Farrar","Bonnet & Daughter","6882 Torresdale Ave","Columbia","Richland","SC",29201,"803-352-5387","803-975-3405","jade.farrar@yahoo.com","http://www.bonnetdaughter.com"
"Geoffrey","Acey","Price Business Services","7 West Ave #1","Palatine","Cook","IL",60067,"847-222-1734","847-556-2909","geoffrey@gmail.com","http://www.pricebusinessservices.com"
"Pamella","Fortino","Super 8 Motel","669 Packerland Dr #1438","Denver","Denver","CO",80212,"303-404-2210","303-794-1341","pamella@fortino.com","http://www.supermotel.com"
"Johnna","Engelberg","Thrifty Oil Co","5 S Colorado Blvd #449","Bothell","Snohomish","WA",98021,"425-986-7573","425-700-3751","jengelberg@engelberg.org","http://www.thriftyoilco.com"
"Dalene","Riden","Silverman Planetarium","66552 Malone Rd","Plaistow","Rockingham","NH","03865","603-315-6839","603-745-7497","dalene.riden@aol.com","http://www.silvermanplanetarium.com"
"Haydee","Denooyer","Cleaning Station Inc","25346 New Rd","New York","New York","NY",10016,"212-792-8658","212-782-3493","hdenooyer@denooyer.org","http://www.cleaningstationinc.com"
"Deonna","Kippley","Midas Muffler Shops","57 Haven Ave #90","Southfield","Oakland","MI",48075,"248-913-4677","248-793-4966","deonna_kippley@hotmail.com","http://www.midasmufflershops.com"
"Alecia","Bubash","Petersen, James E Esq","6535 Joyce St","Wichita Falls","Wichita","TX",76301,"940-276-7922","940-302-3036","alecia@aol.com","http://www.petersenjameseesq.com"
"Detra","Coyier","Schott Fiber Optics Inc","96950 Hidden Ln","Aberdeen","Harford","MD",21001,"410-739-9277","410-259-2118","detra@aol.com","http://www.schottfiberopticsinc.com"
"Salome","Lacovara","Mitsumi Electronics Corp","9677 Commerce Dr","Richmond","Richmond City","VA",23219,"804-550-5097","804-858-1011","slacovara@gmail.com","http://www.mitsumielectronicscorp.com"
"Matthew","Neither","American Council On Sci & Hlth","636 Commerce Dr #42","Shakopee","Scott","MN",55379,"952-651-7597","952-906-4597","mneither@yahoo.com","http://www.americancouncilonscihlth.com"
"Noah","Kalafatis","Twiggs Abrams Blanchard","1950 5th Ave","Milwaukee","Milwaukee","WI",53209,"414-263-5287","414-660-9766","noah.kalafatis@aol.com","http://www.twiggsabramsblanchard.com"
"Lavonda","Hengel","Bradley Nameplate Corp","87 Imperial Ct #79","Fargo","Cass","ND",58102,"701-898-2154","701-421-7080","lavonda@cox.net","http://www.bradleynameplatecorp.com"
"Herminia","Nicolozakes","Sea Island Div Of Fstr Ind Inc","4 58th St #3519","Scottsdale","Maricopa","AZ",85254,"602-954-5141","602-304-6433","herminia@nicolozakes.org","http://www.seaislanddivoffstrindinc.com"
"Reena","Maisto","Lane Promotions","9648 S Main","Salisbury","Wicomico","MD",21801,"410-351-1863","410-951-2667","reena@hotmail.com","http://www.lanepromotions.com"
"Cathrine","Pontoriero","Business Systems Of Wis Inc","812 S Haven St","Amarillo","Randall","TX",79109,"806-703-1435","806-558-5848","cathrine.pontoriero@pontoriero.com","http://www.businesssystemsofwisinc.com"
"Raul","Upthegrove","Neeley, Gregory W Esq","4 E Colonial Dr","La Mesa","San Diego","CA",91942,"619-509-5282","619-666-4765","rupthegrove@yahoo.com","http://www.neeleygregorywesq.com"
"Lucy","Treston","Franz Inc","57254 Brickell Ave #372","Worcester","Worcester","MA","01602","508-769-5250","508-502-5634","lucy@cox.net","http://www.franzinc.com"
"Yvonne","Tjepkema","Radio Communications Co","9 Waydell St","Fairfield","Essex","NJ","07004","973-714-1721","973-976-8627","yvonne.tjepkema@hotmail.com","http://www.radiocommunicationsco.com"
"Felix","Hirpara","American Speedy Printing Ctrs","7563 Cornwall Rd #4462","Denver","Lancaster","PA",17517,"717-491-5643","717-583-1497","felix_hirpara@cox.net","http://www.americanspeedyprintingctrs.com"
"Kristeen","Turinetti","Jeanerette Middle School","70099 E North Ave","Arlington","Tarrant","TX",76013,"817-213-8851","817-947-9480","kristeen@gmail.com","http://www.jeanerettemiddleschool.com"
"Renea","Monterrubio","Wmmt Radio Station","26 Montgomery St","Atlanta","Fulton","GA",30328,"770-679-4752","770-930-9967","renea@hotmail.com","http://www.wmmtradiostation.com"
"Ligia","Reiber","Floral Expressions","206 Main St #2804","Lansing","Ingham","MI",48933,"517-906-1108","517-747-7664","lreiber@cox.net","http://www.floralexpressions.com"
"Goldie","Schirpke","Reuter, Arthur C Jr","34 Saint George Ave #2","Bangor","Penobscot","ME","04401","207-295-7569","207-748-3722","goldie.schirpke@yahoo.com","http://www.reuterarthurcjr.com"
"Fabiola","Hauenstein","Sidewinder Products Corp","8573 Lincoln Blvd","York","York","PA",17404,"717-809-3119","717-344-2804","fabiola.hauenstein@hauenstein.org","http://www.sidewinderproductscorp.com"
"Raina","Brachle","Ikg Borden Divsn Harsco Corp","3829 Ventura Blvd","Butte","Silver Bow","MT",59701,"406-318-1515","406-374-7752","raina.brachle@brachle.org","http://www.ikgbordendivsnharscocorp.com"
"Cherry","Lietz","Sebring & Co","40 9th Ave Sw #91","Waterford","Oakland","MI",48329,"248-980-6904","248-697-7722","cherry@lietz.com","http://www.sebringco.com"
"Lilli","Scriven","Hunter, John J Esq","33 State St","Abilene","Taylor","TX",79601,"325-631-1560","325-667-7868","lilli@aol.com","http://www.hunterjohnjesq.com"
"Barbra","Adkin","Binswanger","4 Kohler Memorial Dr","Brooklyn","Kings","NY",11230,"718-201-3751","718-732-9475","badkin@hotmail.com","http://www.binswanger.com"
"Jesusita","Flister","Schoen, Edward J Jr","3943 N Highland Ave","Lancaster","Lancaster","PA",17601,"717-885-9118","717-686-7564","jesusita.flister@hotmail.com","http://www.schoenedwardjjr.com"
"Roosevelt","Hoffis","Denbrook, Myron","60 Old Dover Rd","Hialeah","Miami-Dade","FL",33014,"305-622-4739","305-302-1135","roosevelt.hoffis@aol.com","http://www.denbrookmyron.com"
"Lorean","Martabano","Hiram, Hogg P Esq","85092 Southern Blvd","San Antonio","Bexar","TX",78204,"210-856-4979","210-634-2447","lorean.martabano@hotmail.com","http://www.hiramhoggpesq.com"
"Justine","Ferrario","Newhart Foods Inc","48 Stratford Ave","Pomona","Los Angeles","CA",91768,"909-993-3242","909-631-5703","jferrario@hotmail.com","http://www.newhartfoodsinc.com"
"Derick","Dhamer","Studer, Eugene A Esq","87163 N Main Ave","New York","New York","NY",10013,"212-304-4515","212-225-9676","ddhamer@cox.net","http://www.studereugeneaesq.com"
"Leota","Ragel","Mayar Silk Inc","99 5th Ave #33","Trion","Chattooga","GA",30753,"706-221-4243","706-616-5131","leota.ragel@gmail.com","http://www.mayarsilkinc.com"
"Aja","Gehrett","Stero Company","993 Washington Ave","Nutley","Essex","NJ","07110","973-544-2677","973-986-4456","aja_gehrett@hotmail.com","http://www.sterocompany.com"
"Leonora","Mauson","Insty Prints","3381 E 40th Ave","Passaic","Passaic","NJ","07055","973-412-2995","973-355-2120","leonora@yahoo.com","http://www.instyprints.com"
"Tarra","Nachor","Circuit Solution Inc","39 Moccasin Dr","San Francisco","San Francisco","CA",94104,"415-411-1775","415-284-2730","tarra.nachor@cox.net","http://www.circuitsolutioninc.com"
"Dulce","Labreche","Lee Kilkelly Paulson & Kabaker","9581 E Arapahoe Rd","Rochester","Oakland","MI",48307,"248-357-8718","248-811-5696","dulce_labreche@yahoo.com","http://www.leekilkellypaulsonkabaker.com"
"Kaitlyn","Ogg","Garrison, Paul E Esq","2 S Biscayne Blvd","Baltimore","Baltimore City","MD",21230,"410-665-4903","410-773-3862","kaitlyn.ogg@gmail.com","http://www.garrisonpauleesq.com"
"Lashawnda","Stuer","Rodriguez, J Christopher Esq","7422 Martin Ave #8","Toledo","Lucas","OH",43607,"419-588-8719","419-399-1744","lstuer@cox.net","http://www.rodriguezjchristopheresq.com"
"Nobuko","Halsey","Goeman Wood Products Inc","8139 I Hwy 10 #92","New Bedford","Bristol","MA","02745","508-855-9887","508-897-7916","nobuko.halsey@yahoo.com","http://www.goemanwoodproductsinc.com"
"Lashaunda","Lizama","Earnhardt Printing","3387 Ryan Dr","Hanover","Anne Arundel","MD",21076,"410-678-2473","410-912-6032","llizama@cox.net","http://www.earnhardtprinting.com"
"Helene","Rodenberger","Bailey Transportation Prod Inc","347 Chestnut St","Peoria","Maricopa","AZ",85381,"623-461-8551","623-426-4907","helene@aol.com","http://www.baileytransportationprodinc.com"
"Samira","Heintzman","Mutual Fish Co","8772 Old County Rd #5410","Kent","King","WA",98032,"206-311-4137","206-923-6042","sheintzman@hotmail.com","http://www.mutualfishco.com"
"Kristofer","Bennick","Logan, Ronald J Esq","772 W River Dr","Bloomington","Monroe","IN",47404,"812-368-1511","812-442-8544","kristofer.bennick@yahoo.com","http://www.loganronaldjesq.com"
"Shalon","Shadrick","Germer And Gertz Llp","61047 Mayfield Ave","Brooklyn","Kings","NY",11223,"718-232-2337","718-394-4974","shalon@cox.net","http://www.germerandgertzllp.com"
"Louvenia","Beech","John Ortiz Nts Therapy Center","598 43rd St","Beverly Hills","Los Angeles","CA",90210,"310-820-2117","310-652-2379","louvenia.beech@beech.com","http://www.johnortizntstherapycenter.com"
"Kristel","Ehmann","Mccoy, Joy Reynolds Esq","92899 Kalakaua Ave","El Paso","El Paso","TX",79925,"915-452-1290","915-300-6100","kristel.ehmann@aol.com","http://www.mccoyjoyreynoldsesq.com"
"Elouise","Gwalthney","Quality Inn Northwest","9506 Edgemore Ave","Bladensburg","Prince Georges","MD",20710,"301-841-5012","301-591-3034","egwalthney@yahoo.com","http://www.qualityinnnorthwest.com"
"Kasandra","Semidey","Can Tron","369 Latham St #500","Saint Louis","Saint Louis City","MO",63102,"314-732-9131","314-697-3652","kasandra_semidey@semidey.com","http://www.cantron.com"
"Maile","Linahan","Thompson Steel Company Inc","9 Plainsboro Rd #598","Greensboro","Guilford","NC",27409,"336-670-2640","336-364-6037","mlinahan@yahoo.com","http://www.thompsonsteelcompanyinc.com"
"Pete","Dubaldi","Womack & Galich","2215 Prosperity Dr","Lyndhurst","Bergen","NJ","07071","201-825-2514","201-749-8866","pdubaldi@hotmail.com","http://www.womackgalich.com"
"Paris","Wide","Gehring Pumps Inc","187 Market St","Atlanta","Fulton","GA",30342,"404-505-4445","404-607-8435","paris@hotmail.com","http://www.gehringpumpsinc.com"
"Quentin","Birkner","Spoor Behrins Campbell & Young","7061 N 2nd St","Burnsville","Dakota","MN",55337,"952-702-7993","952-314-5871","qbirkner@aol.com","http://www.spoorbehrinscampbellyoung.com"
"Sheron","Louissant","Potter, Brenda J Cpa","97 E 3rd St #9","Long Island City","Queens","NY",11101,"718-976-8610","718-613-9994","sheron@aol.com","http://www.potterbrendajcpa.com"
"Rodolfo","Butzen","Minor, Cynthia A Esq","41 Steel Ct","Northfield","Rice","MN",55057,"507-210-3510","507-590-5237","rodolfo@hotmail.com","http://www.minorcynthiaaesq.com"
"Serina","Zagen","Mark Ii Imports Inc","7 S Beverly Dr","Fort Wayne","Allen","IN",46802,"260-273-3725","260-382-4869","szagen@aol.com","http://www.markiiimportsinc.com"
"Markus","Lukasik","M & M Store Fixtures Co Inc","89 20th St E #779","Sterling Heights","Macomb","MI",48310,"586-970-7380","586-247-1614","markus@yahoo.com","http://www.mmstorefixturescoinc.com"
"Cyril","Daufeldt","Galaxy International Inc","3 Lawton St","New York","New York","NY",10013,"212-745-8484","212-422-5427","cyril_daufeldt@daufeldt.com","http://www.galaxyinternationalinc.com"
"Erick","Nievas","Soward, Anne Esq","45 E Acacia Ct","Chicago","Cook","IL",60624,"773-704-9903","773-359-6109","erick_nievas@aol.com","http://www.sowardanneesq.com"
"Mitsue","Scipione","Students In Free Entrprs Natl","77 222 Dr","Oroville","Butte","CA",95965,"530-986-9272","530-399-3254","mscipione@scipione.com","http://www.studentsinfreeentrprsnatl.com"
"Galen","Cantres","Del Charro Apartments","617 Nw 36th Ave","Brook Park","Cuyahoga","OH",44142,"216-600-6111","216-871-6876","galen@yahoo.com","http://www.delcharroapartments.com"
"Gail","Kitty","Service Supply Co Inc","735 Crawford Dr","Anchorage","Anchorage","AK",99501,"907-435-9166","907-770-3542","gail@kitty.com","http://www.servicesupplycoinc.com"
"Gertude","Witten","Thompson, John Randolph Jr","7 Tarrytown Rd","Cincinnati","Hamilton","OH",45217,"513-977-7043","513-863-9471","gertude.witten@gmail.com","http://www.thompsonjohnrandolphjr.com"
"Glenn","Berray","Griswold, John E Esq","29 Cherry St #7073","Des Moines","Polk","IA",50315,"515-370-7348","515-372-1738","gberray@gmail.com","http://www.griswoldjohneesq.com"
"Lenna","Newville","Brooks, Morris J Jr","987 Main St","Raleigh","Wake","NC",27601,"919-623-2524","919-254-5987","lnewville@newville.com","http://www.brooksmorrisjjr.com"
"Mireya","Frerking","Roberts Supply Co Inc","8429 Miller Rd","Pelham","Westchester","NY",10803,"914-868-5965","914-883-3061","mireya.frerking@hotmail.com","http://www.robertssupplycoinc.com"
"Dean","Ketelsen","J M Custom Design Millwork","2 Flynn Rd","Hicksville","Nassau","NY",11801,"516-847-4418","516-732-6649","dean_ketelsen@gmail.com","http://www.jmcustomdesignmillwork.com"
"Sylvie","Ryser","Millers Market & Deli","649 Tulane Ave","Tulsa","Tulsa","OK",74105,"918-644-9555","918-565-1706","sylvie@aol.com","http://www.millersmarketdeli.com"
"Cordelia","Storment","Burrows, Jon H Esq","393 Hammond Dr","Lafayette","Lafayette","LA",70506,"337-566-6001","337-255-3427","cordelia_storment@aol.com","http://www.burrowsjonhesq.com"
"Brett","Mccullan","Five Star Limousines Of Tx Inc","87895 Concord Rd","La Mesa","San Diego","CA",91942,"619-461-9984","619-727-3892","brett.mccullan@mccullan.com","http://www.fivestarlimousinesoftxinc.com"
"Tasia","Andreason","Campbell, Robert A","4 Cowesett Ave","Kearny","Hudson","NJ","07032","201-920-9002","201-969-7063","tasia_andreason@yahoo.com","http://www.campbellroberta.com"
"Arthur","Farrow","Young, Timothy L Esq","28 S 7th St #2824","Englewood","Bergen","NJ","07631","201-238-5688","201-772-4377","arthur.farrow@yahoo.com","http://www.youngtimothylesq.com"
"Billye","Miro","Gray, Francine H Esq","36 Lancaster Dr Se","Pearl","Rankin","MS",39208,"601-567-5386","601-637-5479","billye_miro@cox.net","http://www.grayfrancinehesq.com"
"Mitzie","Hudnall","Cangro Transmission Co","17 Jersey Ave","Englewood","Arapahoe","CO",80110,"303-402-1940","303-997-7760","mitzie_hudnall@yahoo.com","http://www.cangrotransmissionco.com"
"Staci","Schmaltz","Midwest Contracting & Mfg Inc","18 Coronado Ave #563","Pasadena","Los Angeles","CA",91106,"626-866-2339","626-293-7678","staci_schmaltz@aol.com","http://www.midwestcontractingmfginc.com"
"Janine","Rhoden","Nordic Group Inc","92 Broadway","Astoria","Queens","NY",11103,"718-228-5894","718-728-5051","jrhoden@yahoo.com","http://www.nordicgroupinc.com"
"Eden","Jayson","Harris Corporation","4 Iwaena St","Baltimore","Baltimore City","MD",21202,"410-890-7866","410-429-4888","eden_jayson@yahoo.com","http://www.harriscorporation.com"
"Merissa","Tomblin","One Day Surgery Center Inc","34 Raritan Center Pky","Bellflower","Los Angeles","CA",90706,"562-579-6900","562-719-7922","merissa.tomblin@gmail.com","http://www.onedaysurgerycenterinc.com"
"Catarina","Gleich","Terk, Robert E Esq","78 Maryland Dr #146","Denville","Morris","NJ","07834","973-210-3994","973-491-8723","catarina_gleich@hotmail.com","http://www.terkroberteesq.com"
"Jolene","Ostolaza","Central Die Casting Mfg Co Inc","1610 14th St Nw","Newport News","Newport News City","VA",23608,"757-682-7116","757-940-1741","jolene@yahoo.com","http://www.centraldiecastingmfgcoinc.com"
"Rikki","Nayar","Targan & Kievit Pa","1644 Clove Rd","Miami","Miami-Dade","FL",33155,"305-968-9487","305-978-2069","rikki@nayar.com","http://www.targankievitpa.com"
"Hoa","Sarao","Kaplan, Joel S Esq","27846 Lafayette Ave","Oak Hill","Volusia","FL",32759,"386-526-7800","386-599-7296","hoa@sarao.org","http://www.kaplanjoelsesq.com"
"Mari","Lueckenbach","Westbrooks, Nelson E Jr","1 Century Park E","San Diego","San Diego","CA",92110,"858-793-9684","858-228-5683","mari_lueckenbach@yahoo.com","http://www.westbrooksnelsonejr.com"
"Antione","Onofrio","Jacobs & Gerber Inc","4 S Washington Ave","San Bernardino","San Bernardino","CA",92410,"909-430-7765","909-665-3223","aonofrio@onofrio.com","http://www.jacobsgerberinc.com"
"Clorinda","Heimann","Haughey, Charles Jr","105 Richmond Valley Rd","Escondido","San Diego","CA",92025,"760-291-5497","760-261-4786","clorinda.heimann@hotmail.com","http://www.haugheycharlesjr.com"
"Ahmed","Angalich","Reese Plastics","2 W Beverly Blvd","Harrisburg","Dauphin","PA",17110,"717-528-8996","717-632-5831","ahmed.angalich@angalich.com","http://www.reeseplastics.com"
"Joanna","Leinenbach","Levinson Axelrod Wheaton","1 Washington St","Lake Worth","Palm Beach","FL",33461,"561-470-4574","561-951-9734","joanna_leinenbach@hotmail.com","http://www.levinsonaxelrodwheaton.com"
"Stephane","Myricks","Portland Central Thriftlodge","9 Tower Ave","Burlington","Boone","KY",41005,"859-717-7638","859-308-4286","stephane_myricks@cox.net","http://www.portlandcentralthriftlodge.com"
"Annmarie","Castros","Tipiak Inc","80312 W 32nd St","Conroe","Montgomery","TX",77301,"936-751-7961","936-937-2334","annmarie_castros@gmail.com","http://www.tipiakinc.com"
"Cecil","Lapage","Hawkes, Douglas D","4 Stovall St #72","Union City","Hudson","NJ","07087","201-693-3967","201-856-2720","clapage@lapage.com","http://www.hawkesdouglasd.com"
"Josphine","Villanueva","Santa Cruz Community Internet","63 Smith Ln #8343","Moss","Clay","TN",38575,"931-553-9774","931-486-6946","josphine_villanueva@villanueva.com","http://www.santacruzcommunityinternet.com"
"Cassi","Wildfong","Cobb, James O Esq","26849 Jefferson Hwy","Rolling Meadows","Cook","IL",60008,"847-633-3216","847-755-9041","cassi.wildfong@aol.com","http://www.cobbjamesoesq.com"
"Adell","Lipkin","Systems Graph Inc Ab Dick Dlr","65 Mountain View Dr","Whippany","Morris","NJ","07981","973-654-1561","973-662-8988","adell.lipkin@lipkin.com","http://www.systemsgraphincabdickdlr.com"
"Lonny","Weglarz","History Division Of State","51120 State Route 18","Salt Lake City","Salt Lake","UT",84115,"801-293-9853","801-892-8781","lonny_weglarz@gmail.com","http://www.historydivisionofstate.com"
"Cristal","Samara","Intermed Inc","4119 Metropolitan Dr","Los Angeles","Los Angeles","CA",90021,"213-975-8026","213-696-8004","cristal@cox.net","http://www.intermedinc.com"
"Elli","Mclaird","Sportmaster Intrnatl","6 Sunrise Ave","Utica","Oneida","NY",13501,"315-818-2638","315-474-5570","emclaird@mclaird.com","http://www.sportmasterintrnatl.com"
"Sharika","Eanes","Maccani & Delp","75698 N Fiesta Blvd","Orlando","Orange","FL",32806,"407-312-1691","407-472-1332","sharika.eanes@aol.com","http://www.maccanidelp.com"
"Daniela","Comnick","Water & Sewer Department","7 Flowers Rd #403","Trenton","Mercer","NJ","08611","609-200-8577","609-398-2805","dcomnick@cox.net","http://www.watersewerdepartment.com"
"Leslie","Threets","C W D C Metal Fabricators","2 A Kelley Dr","Katonah","Westchester","NY",10536,"914-861-9748","914-396-2615","leslie@cox.net","http://www.cwdcmetalfabricators.com"
"Izetta","Dewar","Lisatoni, Jean Esq","2 W Scyene Rd #3","Baltimore","Baltimore City","MD",21217,"410-473-1708","410-522-7621","idewar@dewar.com","http://www.lisatonijeanesq.com"
"Ruthann","Keener","Maiden Craft Inc","3424 29th St Se","Kerrville","Kerr","TX",78028,"830-258-2769","830-919-5991","ruthann@hotmail.com","http://www.maidencraftinc.com"
"Vi","Rentfro","Video Workshop","7163 W Clark Rd","Freehold","Monmouth","NJ","07728","732-605-4781","732-724-7251","vrentfro@cox.net","http://www.videoworkshop.com"
"Malcolm","Tromblay","Versatile Sash & Woodwork","747 Leonis Blvd","Annandale","Fairfax","VA",22003,"703-221-5602","703-874-4248","malcolm_tromblay@cox.net","http://www.versatilesashwoodwork.com"
"Jess","Chaffins","New York Public Library","18 3rd Ave","New York","New York","NY",10016,"212-510-4633","212-428-9538","jess.chaffins@chaffins.org","http://www.newyorkpubliclibrary.com"
"Nickolas","Juvera","United Oil Co Inc","177 S Rider Trl #52","Crystal River","Citrus","FL",34429,"352-598-8301","352-947-6152","nickolas_juvera@cox.net","http://www.unitedoilcoinc.com"
"Diane","Devreese","Acme Supply Co","1953 Telegraph Rd","Saint Joseph","Buchanan","MO",64504,"816-557-9673","816-329-5565","diane@cox.net","http://www.acmesupplyco.com"
"Glory","Schieler","Mcgraths Seafood","5 E Truman Rd","Abilene","Taylor","TX",79602,"325-869-2649","325-740-3778","glory@yahoo.com","http://www.mcgrathsseafood.com"
"Alpha","Palaia","Stoffer, James M Jr","43496 Commercial Dr #29","Cherry Hill","Camden","NJ","08003","856-312-2629","856-513-7024","alpha@yahoo.com","http://www.stofferjamesmjr.com"
"Shawnda","Yori","Fiorucci Foods Usa Inc","50126 N Plankinton Ave","Longwood","Seminole","FL",32750,"407-538-5106","407-564-8113","shawnda.yori@yahoo.com","http://www.fioruccifoodsusainc.com"
"Gilma","Liukko","Sammys Steak Den","16452 Greenwich St","Garden City","Nassau","NY",11530,"516-393-9967","516-407-9573","gilma_liukko@gmail.com","http://www.sammyssteakden.com"
"Lili","Paskin","Morgan Custom Homes","20113 4th Ave E","Kearny","Hudson","NJ","07032","201-431-2989","201-478-8540","lili.paskin@cox.net","http://www.morgancustomhomes.com"
"Dorothy","Chesterfield","Cowan & Kelly","469 Outwater Ln","San Diego","San Diego","CA",92126,"858-617-7834","858-732-1884","dorothy@cox.net","http://www.cowankelly.com"
"Catalina","Tillotson","Icn Pharmaceuticals Inc","3338 A Lockport Pl #6","Margate City","Atlantic","NJ","08402","609-373-3332","609-826-4990","catalina@hotmail.com","http://www.icnpharmaceuticalsinc.com"
"Carlee","Boulter","Tippett, Troy M Ii","8284 Hart St","Abilene","Dickinson","KS",67410,"785-347-1805","785-253-7049","carlee.boulter@hotmail.com","http://www.tippetttroymii.com"
"Jovita","Oles","Pagano, Philip G Esq","8 S Haven St","Daytona Beach","Volusia","FL",32114,"386-248-4118","386-208-6976","joles@gmail.com","http://www.paganophilipgesq.com"
"Lai","Harabedian","Buergi & Madden Scale","1933 Packer Ave #2","Novato","Marin","CA",94945,"415-423-3294","415-926-6089","lai@gmail.com","http://www.buergimaddenscale.com"
"Raylene","Kampa","Hermar Inc","2 Sw Nyberg Rd","Elkhart","Elkhart","IN",46514,"574-499-1454","574-330-1884","rkampa@kampa.org","http://www.hermarinc.com"
"Jani","Biddy","Warehouse Office & Paper Prod","61556 W 20th Ave","Seattle","King","WA",98104,"206-711-6498","206-395-6284","jbiddy@yahoo.com","http://www.warehouseofficepaperprod.com"
